{"stroke_loss": 0.6998201608657837, "pen_lift_loss": 0.15807415544986725, "_runtime": 103, "_timestamp": 1640787247, "_step": 597}