{"stroke_loss": 1.443981409072876, "pen_lift_loss": 0.35724496841430664, "_runtime": 35, "_timestamp": 1640787340, "_step": 155}