{"stroke_loss": 0.20089705288410187, "pen_lift_loss": 0.02579883672297001, "total_loss": 0.22669589519500732, "_runtime": 9498, "_timestamp": 1640797023, "_step": 60000, "_wandb": {"runtime": 9498}}