{"stroke_loss": 0.720008373260498, "pen_lift_loss": 0.1316709965467453, "total_loss": 1.9708000421524048, "_runtime": 132, "_timestamp": 1640787657, "_step": 782}